"GOOGLE MERCHANT CENTER — BỘ CHECKLIST KIỂM TRA WEBSITE TOÀN DIỆN BY ĐỨC LÊ Bộ checklist toàn diện kết hợp chính sách chính thức của Google + thực tiễn tốt nhất trong ngành  |  Phiên bản 1.0  |  Cập nhật: Tháng 3/2026    Website cần kiểm tra: #   1. Kiểm Tra Kỹ Thuật & Bảo Mật","Phần ","Tiêu Chí Kiểm Tra ","Mức Độ ","   Ngày kiểm tra: Trạng Thái ","Hướng Dẫn / Giải Thích ","Công Cụ Kiểm Tra ","Ghi Chú "
"1","Kiểm Tra Kỹ Thuật & Bảo Mật","Website sử dụng HTTPS (Chứng chỉ SSL)","🔴 BẮT BUỘC","⬜ Chưa Kiểm Tra","Tất cả các trang phải tải qua HTTPS. Nội dung hỗn hợp (ảnh HTTP trên trang HTTPS) cũng gây ra vấn đề.","https://www.ssllabs.com/ssltest/",""
"2","Kiểm Tra Kỹ Thuật & Bảo Mật","HTTP tự động chuyển hướng sang HTTPS","🔴 BẮT BUỘC","⬜ Chưa Kiểm Tra","Nhập http://yoursite.com phải tự động chuyển sang https://yoursite.com.","",""
"3","Kiểm Tra Kỹ Thuật & Bảo Mật","Chứng chỉ SSL còn hạn và hợp lệ","🔴 BẮT BUỘC","⬜ Chưa Kiểm Tra","Kiểm tra ngày hết hạn SSL. SSL hết hạn = bị tạm ngưng ngay lập tức.","https://www.ssllabs.com/ssltest/",""
"4","Kiểm Tra Kỹ Thuật & Bảo Mật","Không có trang lỗi 404 (liên kết hỏng)","🔴 BẮT BUỘC","⬜ Chưa Kiểm Tra","Tất cả trang được liên kết từ menu, footer và trang sản phẩm phải hoạt động. Dùng Dead Link Checker.","https://www.deadlinkchecker.com/",""
"5","Kiểm Tra Kỹ Thuật & Bảo Mật","Điểm Google PageSpeed chấp nhận được (Mobile ≥ 50)","🟡 CẢNH BÁO","⬜ Chưa Kiểm Tra","Website chậm làm giảm độ tin cậy và ảnh hưởng chất lượng quảng cáo. Mục tiêu 50+ trên mobile.","https://pagespeed.web.dev/",""
"6","Kiểm Tra Kỹ Thuật & Bảo Mật","Website không có phần mềm độc hại hoặc script đáng ngờ","🔴 BẮT BUỘC","⬜ Chưa Kiểm Tra","Google sẽ tạm ngưng ngay tài khoản có phần mềm độc hại. Quét định kỳ.","https://www.virustotal.com/gui/home/url",""
"7","Kiểm Tra Kỹ Thuật & Bảo Mật","Website hiển thị tốt trên thiết bị di động (responsive)","🔴 BẮT BUỘC","⬜ Chưa Kiểm Tra","Website phải hiển thị đúng trên thiết bị di động. Kiểm tra trên nhiều kích thước màn hình.","https://search.google.com/test/mobile-friendly",""
"8","Kiểm Tra Kỹ Thuật & Bảo Mật","Không có pop-up gây hiểu nhầm hoặc che khuất nội dung","🔴 BẮT BUỘC","⬜ Chưa Kiểm Tra","Pop-up chặn nội dung, đồng hồ đếm ngược giả, hoặc nút đóng gây hiểu nhầm đều vi phạm chính sách.","",""
"9","Kiểm Tra Kỹ Thuật & Bảo Mật","Tên miền đã được xác nhận trong Google Merchant Center","🔴 BẮT BUỘC","⬜ Chưa Kiểm Tra","Tên miền phải được xác nhận trong Merchant Center qua thẻ HTML, GA hoặc GTM.","",""
"10","Kiểm Tra Kỹ Thuật & Bảo Mật","Robots.txt không chặn Googlebot thu thập dữ liệu","🔴 BẮT BUỘC","⬜ Chưa Kiểm Tra","Đảm bảo robots.txt cho phép Googlebot thu thập trang sản phẩm và trang chính sách.","",""
"11","Kiểm Tra Kỹ Thuật & Bảo Mật","Sitemap.xml tồn tại và đã gửi lên Google","🔵 KHUYẾN NGHỊ","⬜ Chưa Kiểm Tra","Gửi sitemap qua Google Search Console để lập chỉ mục nhanh hơn.","",""
"12","Thông Tin Doanh Nghiệp","Email doanh nghiệp hợp lệ và chuyên nghiệp (không dùng Gmail cá nhân)","🔴 BẮT BUỘC","⬜ Chưa Kiểm Tra","Phải dùng email tên miền doanh nghiệp (vd: support@cửahàng.com). Email cá nhân như Gmail không được chấp nhận.","https://email-checker.net/",""
"13","Thông Tin Doanh Nghiệp","Số điện thoại doanh nghiệp được hiển thị","🟡 CẢNH BÁO","⬜ Chưa Kiểm Tra","Không bắt buộc nhưng rất khuyến nghị. Phải là số điện thoại thực, có thể liên lạc được.","",""
"14","Thông Tin Doanh Nghiệp","Địa chỉ doanh nghiệp theo đúng định dạng","🔴 BẮT BUỘC","⬜ Chưa Kiểm Tra","Định dạng: [Số nhà + Tên đường], [Thành phố], [Tỉnh/Bang], [Mã bưu chính], [Quốc gia]. Phải khớp với GMC.","",""
"15","Thông Tin Doanh Nghiệp","Địa chỉ doanh nghiệp nhất quán trên TẤT CẢ các trang","🔴 BẮT BUỘC","⬜ Chưa Kiểm Tra","Địa chỉ trên trang Giới thiệu, Liên hệ, Footer và GMC phải hoàn toàn giống nhau.","",""
"16","Thông Tin Doanh Nghiệp","Tên pháp lý của doanh nghiệp được công bố","🔴 BẮT BUỘC","⬜ Chưa Kiểm Tra","Hiển thị tên doanh nghiệp đã đăng ký (vd: LLC, Ltd, Inc) trên website.","",""
"17","Thông Tin Doanh Nghiệp","Thông tin quốc gia/xuất xứ nhất quán trên toàn website","🔴 BẮT BUỘC","⬜ Chưa Kiểm Tra","KHÔNG được khai báo các quốc gia khác nhau trên các trang khác nhau (vd: 'từ Úc' ở một trang, 'từ Mỹ' ở trang khác).","",""
"18","Thông Tin Doanh Nghiệp","Vị trí doanh nghiệp hiển thị trên Google Maps (nếu có cửa hàng thực tế)","🟣 TÙY CHỌN","⬜ Chưa Kiểm Tra","Cho cửa hàng thực tế, hãy thiết lập Google My Business. Không bắt buộc với cửa hàng online.","",""
"19","Thông Tin Doanh Nghiệp","Mô hình kinh doanh được giải thích rõ ràng (vd: made-to-order, dropship)","🟡 CẢNH BÁO","⬜ Chưa Kiểm Tra","Giải thích cách doanh nghiệp hoạt động để khách hàng biết điều gì sẽ xảy ra.","",""
"20","Thông Tin Doanh Nghiệp","Logo và tên thương hiệu nhất quán trên toàn website","🟡 CẢNH BÁO","⬜ Chưa Kiểm Tra","Logo, tên thương hiệu và nhận diện thương hiệu phải giống nhau trên mọi trang. Không có tham chiếu đến thương hiệu khác.","",""
"21","Thông Tin Doanh Nghiệp","Logo/tên thương hiệu trong GMC khớp với website","🔴 BẮT BUỘC","⬜ Chưa Kiểm Tra","Tên doanh nghiệp và logo tải lên Merchant Center phải khớp chính xác với website.","",""
"22","Thông Tin Doanh Nghiệp","Năm bản quyền trong footer là năm hiện tại","🔵 KHUYẾN NGHỊ","⬜ Chưa Kiểm Tra","Footer nên hiển thị năm hiện tại (vd: © 2026).","",""
"23","Thông Tin Doanh Nghiệp","Tên chủ sở hữu doanh nghiệp được công bố","🔵 KHUYẾN NGHỊ","⬜ Chưa Kiểm Tra","Hiển thị tên chủ sở hữu tăng độ tin cậy. Có thể đặt trong trang Giới thiệu hoặc footer.","",""
"24","Điều Hướng Website > Menu Header","Liên kết Trang chủ trong header","🔴 BẮT BUỘC","⬜ Chưa Kiểm Tra","Menu điều hướng chính phải có liên kết đến trang chủ.","",""
"25","Điều Hướng Website > Menu Header","Liên kết Tất cả sản phẩm / Cửa hàng trong header","🔴 BẮT BUỘC","⬜ Chưa Kiểm Tra","Khách hàng phải có thể duyệt tất cả sản phẩm từ menu chính.","",""
"26","Điều Hướng Website > Menu Header","Liên kết Giới thiệu (About Us) trong header","🟡 CẢNH BÁO","⬜ Chưa Kiểm Tra","Không bắt buộc nhưng rất khuyến nghị. Tăng độ tin cậy và tính minh bạch.","",""
"27","Điều Hướng Website > Menu Header","Liên kết Liên hệ (Contact Us) trong header","🔴 BẮT BUỘC","⬜ Chưa Kiểm Tra","Trang liên hệ phải dễ dàng truy cập từ menu điều hướng chính.","",""
"28","Điều Hướng Website > Menu Header","Liên kết Theo dõi đơn hàng (Track Order) trong header","🔵 KHUYẾN NGHỊ","⬜ Chưa Kiểm Tra","Không bắt buộc nhưng rất khuyến nghị. Thể hiện sự chuyên nghiệp và chăm sóc khách hàng.","",""
"29","Điều Hướng Website > Menu Footer","Liên kết Trang chủ trong footer","🟡 CẢNH BÁO","⬜ Chưa Kiểm Tra","Footer nên có các liên kết điều hướng để dễ truy cập.","",""
"30","Điều Hướng Website > Menu Footer","Liên kết Giới thiệu (About Us) trong footer","🟡 CẢNH BÁO","⬜ Chưa Kiểm Tra","Trang Giới thiệu phải truy cập được từ footer.","",""
"31","Điều Hướng Website > Menu Footer","Liên kết Liên hệ (Contact Us) trong footer","🔴 BẮT BUỘC","⬜ Chưa Kiểm Tra","Thông tin liên hệ phải truy cập được từ footer.","",""
"32","Điều Hướng Website > Menu Footer","Liên kết Chính sách Bảo mật trong footer","🔴 BẮT BUỘC","⬜ Chưa Kiểm Tra","Chính sách Bảo mật phải được liên kết trong footer.","",""
"33","Điều Hướng Website > Menu Footer","Liên kết Chính sách Vận chuyển trong footer","🔴 BẮT BUỘC","⬜ Chưa Kiểm Tra","Chính sách Vận chuyển phải được liên kết trong footer.","",""
"34","Điều Hướng Website > Menu Footer","Liên kết Chính sách Đổi trả & Hoàn tiền trong footer","🔴 BẮT BUỘC","⬜ Chưa Kiểm Tra","Chính sách Đổi trả phải được liên kết trong footer.","",""
"35","Điều Hướng Website > Menu Footer","Liên kết Chính sách Thanh toán trong footer","🟡 CẢNH BÁO","⬜ Chưa Kiểm Tra","Thông tin thanh toán nên truy cập được từ footer.","",""
"36","Điều Hướng Website > Menu Footer","Liên kết Điều khoản Dịch vụ trong footer","🟡 CẢNH BÁO","⬜ Chưa Kiểm Tra","Điều khoản Dịch vụ nên được liên kết trong footer.","",""
"37","Điều Hướng Website > Menu Footer","Liên kết Theo dõi đơn hàng trong footer","🔵 KHUYẾN NGHỊ","⬜ Chưa Kiểm Tra","Không bắt buộc nhưng khuyến nghị để thuận tiện cho khách hàng.","",""
"38","Điều Hướng Website > Menu Footer","Liên kết FAQ trong footer","🔵 KHUYẾN NGHỊ","⬜ Chưa Kiểm Tra","FAQ giúp giảm câu hỏi của khách hàng và tăng độ tin cậy.","",""
"39","Điều Hướng Website > Menu Footer","Tên công ty / logo trong footer","🔵 KHUYẾN NGHỊ","⬜ Chưa Kiểm Tra","Không bắt buộc nhưng khuyến nghị. Củng cố nhận diện thương hiệu.","",""
"40","Điều Hướng Website > Menu Footer","Liên kết mạng xã hội trong footer","🔵 KHUYẾN NGHỊ","⬜ Chưa Kiểm Tra","Không bắt buộc nhưng khuyến nghị. Hồ sơ mạng xã hội hoạt động tăng độ tin cậy.","",""
"41","Điều Hướng Website > Menu Footer","Icon phương thức thanh toán trong footer","🔵 KHUYẾN NGHỊ","⬜ Chưa Kiểm Tra","Không bắt buộc nhưng khuyến nghị. Hiển thị trực quan các phương thức thanh toán được chấp nhận.","",""
"42","Điều Hướng Website > Menu Footer","Tất cả liên kết trong footer hoạt động (không có liên kết hỏng)","🔴 BẮT BUỘC","⬜ Chưa Kiểm Tra","Mọi liên kết trong footer phải hoạt động. Liên kết hỏng trong footer = dấu hiệu cảnh báo ngay lập tức.","",""
"43","Trang Liên Hệ","Có trang Liên hệ riêng biệt","🔴 BẮT BUỘC","⬜ Chưa Kiểm Tra","Phải có trang Liên hệ riêng biệt (không chỉ là liên kết trong footer).","",""
"44","Trang Liên Hệ","Tối thiểu 2 phương thức liên hệ (email + điện thoại hoặc form)","🔴 BẮT BUỘC","⬜ Chưa Kiểm Tra","Google yêu cầu ít nhất 2 cách liên hệ: email + điện thoại, hoặc email + form liên hệ.","",""
"45","Trang Liên Hệ","Địa chỉ doanh nghiệp hiển thị đúng định dạng","🔴 BẮT BUỘC","⬜ Chưa Kiểm Tra","Định dạng: [Số nhà + Tên đường], [Thành phố], [Tỉnh/Bang], [Mã bưu chính], [Quốc gia].","",""
"46","Trang Liên Hệ","Giờ làm việc của bộ phận hỗ trợ được đề cập","🟡 CẢNH BÁO","⬜ Chưa Kiểm Tra","Mẫu: 'Bộ phận hỗ trợ khách hàng hoạt động từ Thứ Hai đến Thứ Sáu, 9:00 SA đến 5:00 CH [múi giờ].'","",""
"47","Trang Liên Hệ","Form liên hệ hoạt động bình thường","🟡 CẢNH BÁO","⬜ Chưa Kiểm Tra","Nếu có form liên hệ, nó phải thực sự hoạt động và gửi tin nhắn được.","",""
"48","Trang Liên Hệ","Nhúng Google Maps (nếu có địa điểm thực tế)","🔵 KHUYẾN NGHỊ","⬜ Chưa Kiểm Tra","Không bắt buộc nhưng tăng độ tin cậy cho doanh nghiệp có địa điểm thực tế.","",""
"49","Trang Liên Hệ","Thời gian phản hồi dự kiến được đề cập","🔵 KHUYẾN NGHỊ","⬜ Chưa Kiểm Tra","Vd: 'Chúng tôi thường phản hồi trong vòng 24-48 giờ.'","",""
"50","Chính Sách Vận Chuyển","Trang Chính sách Vận chuyển riêng biệt tồn tại và truy cập được","🔴 BẮT BUỘC","⬜ Chưa Kiểm Tra","Phải có trang Chính sách Vận chuyển riêng biệt được liên kết từ footer và/hoặc header.","",""
"51","Chính Sách Vận Chuyển","Thời gian xử lý / chuẩn bị đơn hàng được ghi rõ (tính theo ngày làm việc)","🔴 BẮT BUỘC","","Mất bao lâu để chuẩn bị đơn hàng trước khi giao cho đơn vị vận chuyển. Phải ghi 'ngày làm việc'.","",""
"52","Chính Sách Vận Chuyển","Thời gian giao hàng được ghi rõ (tính theo ngày làm việc)","🔴 BẮT BUỘC","","Mất bao lâu để giao hàng sau khi đã gửi đi. Phải ghi 'ngày làm việc' và theo từng khu vực.","",""
"53","Chính Sách Vận Chuyển","Chi phí vận chuyển được ghi rõ ràng","🔴 BẮT BUỘC","","Phải ghi chi phí cụ thể hoặc 'tính khi thanh toán'. Nếu có miễn phí vận chuyển, ghi rõ điều kiện.","",""
"54","Chính Sách Vận Chuyển","Ngưỡng miễn phí vận chuyển nhất quán trên toàn website","🔴 BẮT BUỘC","⬜ Chưa Kiểm Tra","Nếu footer ghi 'Miễn phí vận chuyển trên X', Chính sách Vận chuyển phải ghi cùng số tiền đó.","",""
"55","Chính Sách Vận Chuyển","Các khu vực / quốc gia vận chuyển được liệt kê","🟡 CẢNH BÁO","⬜ Chưa Kiểm Tra","Chỉ định rõ bạn giao hàng đến quốc gia hoặc khu vực nào.","",""
"56","Chính Sách Vận Chuyển","Thông tin theo dõi đơn hàng được cung cấp","🟡 CẢNH BÁO","⬜ Chưa Kiểm Tra","Giải thích cách khách hàng nhận mã theo dõi và theo dõi ở đâu.","",""
"57","Chính Sách Vận Chuyển","Trách nhiệm về thuế hải quan được nêu rõ (cho đơn quốc tế)","🟡 CẢNH BÁO","⬜ Chưa Kiểm Tra","Đối với vận chuyển quốc tế, nêu rõ ai chịu trách nhiệm về thuế hải quan và thuế nhập khẩu.","",""
"58","Chính Sách Vận Chuyển","Chính sách xử lý gói hàng thất lạc / chưa giao được đề cập","🔵 KHUYẾN NGHỊ","⬜ Chưa Kiểm Tra","Giải thích điều gì xảy ra nếu gói hàng bị thất lạc hoặc không được giao.","",""
"59","Chính Sách Vận Chuyển","Email / thông tin liên hệ cho câu hỏi về vận chuyển","🔴 BẮT BUỘC","⬜ Chưa Kiểm Tra","Phải có email hoặc liên kết liên hệ cho các câu hỏi liên quan đến vận chuyển.","",""
"60","Chính Sách Vận Chuyển","Ngày cập nhật cuối cùng hiển thị trên trang","🔵 KHUYẾN NGHỊ","⬜ Chưa Kiểm Tra","Cho thấy chính sách còn hiện hành và được duy trì.","",""
"61","Chính Sách Đổi Trả & Hoàn Tiền","Trang Chính sách Đổi trả & Hoàn tiền riêng biệt tồn tại và truy cập được","🔴 BẮT BUỘC","⬜ Chưa Kiểm Tra","Phải có trang Chính sách Đổi trả riêng biệt được liên kết từ footer.","",""
"62","Chính Sách Đổi Trả & Hoàn Tiền","Thời hạn đổi trả được ghi rõ ràng (vd: 14 hoặc 30 ngày)","🔴 BẮT BUỘC","","Phải chỉ định khách hàng có bao nhiêu ngày sau khi nhận hàng để yêu cầu đổi trả.","",""
"63","Chính Sách Đổi Trả & Hoàn Tiền","Điều kiện đổi trả được giải thích rõ ràng","🔴 BẮT BUỘC","⬜ Chưa Kiểm Tra","Nêu rõ trường hợp nào được đổi trả (hàng lỗi, sai hàng, đổi ý, v.v.).","",""
"64","Chính Sách Đổi Trả & Hoàn Tiền","Trách nhiệm chi phí vận chuyển đổi trả được ghi rõ","🔴 BẮT BUỘC","⬜ Chưa Kiểm Tra","Phải nêu rõ ai trả phí vận chuyển đổi trả: cho hàng lỗi VÀ cho trường hợp đổi ý.","",""
"65","Chính Sách Đổi Trả & Hoàn Tiền","Thời gian xử lý hoàn tiền được ghi rõ","🔴 BẮT BUỘC","","Mất bao lâu để xử lý hoàn tiền sau khi nhận được hàng trả về.","",""
"66","Chính Sách Đổi Trả & Hoàn Tiền","Quy trình đổi trả từng bước được giải thích","🔴 BẮT BUỘC","⬜ Chưa Kiểm Tra","Hướng dẫn rõ ràng: Bước 1 → Bước 2 → Bước 3 để bắt đầu yêu cầu đổi trả.","",""
"67","Chính Sách Đổi Trả & Hoàn Tiền","Chính sách hủy đơn hàng được đề cập","🟡 CẢNH BÁO","⬜ Chưa Kiểm Tra","Nêu rõ khoảng thời gian có thể hủy đơn hàng trước khi giao hàng.","",""
"68","Chính Sách Đổi Trả & Hoàn Tiền","Ngoại lệ cho sản phẩm tùy chỉnh / made-to-order được giải thích (nếu có)","🟡 CẢNH BÁO","⬜ Chưa Kiểm Tra","Nếu sản phẩm được làm theo yêu cầu, giải thích tại sao không nhận đổi trả trong một số trường hợp.","",""
"69","Chính Sách Đổi Trả & Hoàn Tiền","Chính sách KHÔNG mâu thuẫn với các trang khác (vd: footer, FAQ)","🔴 BẮT BUỘC","⬜ Chưa Kiểm Tra","Nếu footer ghi 'Đổi trả miễn phí' nhưng chính sách lại ghi khách hàng phải trả, đây là vi phạm nghiêm trọng.","",""
"70","Chính Sách Đổi Trả & Hoàn Tiền","Email / thông tin liên hệ cho câu hỏi về đổi trả","🔴 BẮT BUỘC","⬜ Chưa Kiểm Tra","Phải có email hoặc liên kết liên hệ cho các câu hỏi liên quan đến đổi trả.","",""
"71","Chính Sách Đổi Trả & Hoàn Tiền","Ngày cập nhật cuối cùng hiển thị trên trang","🔵 KHUYẾN NGHỊ","⬜ Chưa Kiểm Tra","Cho thấy chính sách còn hiện hành và được duy trì.","",""
"72","Chính Sách Bảo Mật","Trang Chính sách Bảo mật riêng biệt tồn tại và truy cập được","🔴 BẮT BUỘC","⬜ Chưa Kiểm Tra","Phải có trang Chính sách Bảo mật riêng biệt được liên kết từ footer.","",""
"73","Chính Sách Bảo Mật","Cookie liên quan được tiết lộ (Google Analytics, Meta Pixel, v.v.)","🔴 BẮT BUỘC","⬜ Chưa Kiểm Tra","Phải đề cập tất cả cookie theo dõi đang sử dụng: Google Analytics, Facebook/Meta Pixel, v.v.","",""
"74","Chính Sách Bảo Mật","Thực hành thu thập dữ liệu được giải thích (đơn hàng, thanh toán, thông tin cá nhân)","🔴 BẮT BUỘC","⬜ Chưa Kiểm Tra","Phải giải thích dữ liệu nào bạn thu thập: tên, email, địa chỉ, thông tin thanh toán, lịch sử đơn hàng.","",""
"75","Chính Sách Bảo Mật","Luật bảo mật áp dụng được tham chiếu đúng","🔴 BẮT BUỘC","⬜ Chưa Kiểm Tra","Phải tham chiếu luật đúng cho vị trí doanh nghiệp của bạn (GDPR cho EU, CCPA cho California, v.v.). KHÔNG tham chiếu luật của quốc gia khác.","",""
"76","Chính Sách Bảo Mật","Email / thông tin liên hệ cho câu hỏi về bảo mật","🔴 BẮT BUỘC","⬜ Chưa Kiểm Tra","Phải có email hoặc liên kết liên hệ cho các câu hỏi liên quan đến bảo mật.","",""
"77","Chính Sách Bảo Mật","Quyền của người dùng được giải thích (truy cập, xóa, từ chối)","🟡 CẢNH BÁO","⬜ Chưa Kiểm Tra","Giải thích cách người dùng có thể yêu cầu truy cập, chỉnh sửa hoặc xóa dữ liệu của họ.","",""
"78","Chính Sách Bảo Mật","Việc chia sẻ dữ liệu với bên thứ ba được tiết lộ","🟡 CẢNH BÁO","⬜ Chưa Kiểm Tra","Nếu bạn chia sẻ dữ liệu với bên thứ ba (đơn vị xử lý thanh toán, đơn vị vận chuyển), hãy tiết lộ điều đó.","",""
"79","Chính Sách Bảo Mật","Chính sách KHÔNG phải mẫu chung (phải tùy chỉnh cho cửa hàng của bạn)","🔴 BẮT BUỘC","⬜ Chưa Kiểm Tra","Mẫu mặc định của WordPress/Shopify là KHÔNG đủ. Phải được tùy chỉnh cho doanh nghiệp thương mại điện tử của bạn.","",""
"80","Chính Sách Thanh Toán & Phương Thức","Phương thức thanh toán trên website khớp với tùy chọn thanh toán thực tế","🔴 BẮT BUỘC","⬜ Chưa Kiểm Tra","Nếu bạn hiển thị icon Visa, Mastercard, PayPal, những phương thức đó phải có sẵn khi thanh toán.","",""
"81","Chính Sách Thanh Toán & Phương Thức","Icon phương thức thanh toán được hiển thị (footer hoặc trang sản phẩm)","🟡 CẢNH BÁO","⬜ Chưa Kiểm Tra","Icon thanh toán trực quan tăng độ tin cậy. Hiển thị trong footer hoặc gần nút Thêm vào giỏ hàng.","",""
"82","Chính Sách Thanh Toán & Phương Thức","Chỉ báo thanh toán an toàn hiển thị (khóa SSL, huy hiệu tin cậy)","🟡 CẢNH BÁO","⬜ Chưa Kiểm Tra","Hiển thị 'Thanh toán an toàn được đảm bảo' hoặc huy hiệu tin cậy tương tự gần khu vực thanh toán.","",""
"83","Chính Sách Thanh Toán & Phương Thức","Không chuyển hướng đến trang thanh toán bên thứ ba đáng ngờ","🔴 BẮT BUỘC","⬜ Chưa Kiểm Tra","Thanh toán phải sử dụng các đơn vị xử lý đáng tin cậy (Stripe, PayPal, Shopify Payments, v.v.).","",""
"84","Chính Sách Thanh Toán & Phương Thức","Tính thuế chính xác (KHÔNG đề cập 'không có thuế' hoặc 'miễn thuế')","🟡 CẢNH BÁO","⬜ Chưa Kiểm Tra","Thuế phải được tính đúng. Không bao giờ tuyên bố 'không có thuế' hoặc 'miễn thuế' vì điều này có thể gây hiểu nhầm.","",""
"85","Chính Sách Thanh Toán & Phương Thức","Email / thông tin liên hệ cho câu hỏi về thanh toán","🟡 CẢNH BÁO","⬜ Chưa Kiểm Tra","Phải có email hoặc liên kết liên hệ cho các câu hỏi liên quan đến thanh toán.","",""
"86","Chính Sách Thanh Toán & Phương Thức","Các phương thức thanh toán được chấp nhận","🔴 BẮT BUỘC","","Liệt kê tất cả các phương thức thanh toán được chấp nhận.","",""
"87","Điều Khoản Dịch Vụ","Trang Điều khoản Dịch vụ riêng biệt tồn tại","🟡 CẢNH BÁO","⬜ Chưa Kiểm Tra","Khuyến nghị có trang Điều khoản Dịch vụ / Điều khoản Sử dụng riêng biệt.","",""
"88","Điều Khoản Dịch Vụ","Không có tuyên bố hứa hẹn quá mức trong điều khoản","🔴 BẮT BUỘC","⬜ Chưa Kiểm Tra","Tránh các tuyên bố bạn không thể thực hiện (vd: 'đảm bảo 100% hài lòng' mà không có quy trình hoàn tiền rõ ràng).","",""
"89","Điều Khoản Dịch Vụ","Email / thông tin liên hệ cho câu hỏi về điều khoản","🟡 CẢNH BÁO","⬜ Chưa Kiểm Tra","Phải có email hoặc liên kết liên hệ cho các câu hỏi liên quan đến điều khoản.","",""
"90","Trang Sản Phẩm","Tất cả sản phẩm tuân thủ chính sách Google Shopping (không có nội dung bị cấm)","🔴 BẮT BUỘC","⬜ Chưa Kiểm Tra","Sản phẩm không được bị cấm (hàng giả, nguy hiểm, nội dung người lớn, v.v.). Kiểm tra danh sách sản phẩm bị hạn chế của Google.","https://support.google.com/merchants/answer/6150006",""
"91","Trang Sản Phẩm","Hình ảnh sản phẩm chất lượng cao (tối thiểu 800×800px, nền trắng/sạch)","🔴 BẮT BUỘC","⬜ Chưa Kiểm Tra","Hình ảnh phải rõ ràng, chuyên nghiệp và thể hiện chính xác sản phẩm.","",""
"92","Trang Sản Phẩm","Tiêu đề sản phẩm chính xác và mô tả đầy đủ","🔴 BẮT BUỘC","⬜ Chưa Kiểm Tra","Tiêu đề phải mô tả chính xác sản phẩm. Không nhồi từ khóa hoặc tiêu đề gây hiểu nhầm.","",""
"93","Trang Sản Phẩm","Mô tả sản phẩm chi tiết và chính xác","🔴 BẮT BUỘC","⬜ Chưa Kiểm Tra","Bao gồm chất liệu, kích thước, màu sắc, tính năng. Mô tả phải khớp với sản phẩm thực tế.","",""
"94","Trang Sản Phẩm","Giá được hiển thị rõ ràng với đơn vị tiền tệ đúng","🔴 BẮT BUỘC","⬜ Chưa Kiểm Tra","Giá phải hiển thị rõ, đúng đơn vị tiền tệ và khớp với product feed.","",""
"95","Trang Sản Phẩm","Các biến thể sản phẩm (kích thước, màu sắc, v.v.) có thể chọn được","🟡 CẢNH BÁO","⬜ Chưa Kiểm Tra","Nếu sản phẩm có biến thể, chúng phải chọn được và mỗi biến thể phải có giá đúng.","",""
"96","Trang Sản Phẩm","Nút Thêm vào giỏ hàng / Mua ngay hoạt động bình thường","🔴 BẮT BUỘC","⬜ Chưa Kiểm Tra","Quy trình mua hàng phải hoạt động đúng từ trang sản phẩm đến thanh toán.","",""
"97","Trang Sản Phẩm","Không có chiến thuật tạo sự cấp bách giả hoặc khan hiếm giả","🔴 BẮT BUỘC","⬜ Chưa Kiểm Tra","'X người đang xem ngay bây giờ', đồng hồ đếm ngược giả, hoặc 'Chỉ còn 2 cái!' (khi không đúng) vi phạm chính sách Trình bày sai.","",""
"98","Trang Sản Phẩm","Không có đánh giá giả hoặc yếu tố tin cậy giả","🔴 BẮT BUỘC","⬜ Chưa Kiểm Tra","Tất cả yếu tố tin cậy phải thực. Logo báo chí giả, đánh giá sao bịa đặt, hoặc đánh giá sao chép vi phạm chính sách.","",""
"99","Trang Sản Phẩm","Trạng thái hàng tồn kho chính xác","🟡 CẢNH BÁO","⬜ Chưa Kiểm Tra","Nếu sản phẩm hết hàng, phải hiển thị là không có sẵn. Không nhận đơn hàng cho mặt hàng không có sẵn.","",""
"100","Trang Sản Phẩm","Điều hướng breadcrumb hiển thị","🔵 KHUYẾN NGHỊ","⬜ Chưa Kiểm Tra","Breadcrumb giúp Google hiểu cấu trúc trang và cải thiện trải nghiệm người dùng.","",""
"101","Trang Sản Phẩm","Hướng dẫn kích thước có sẵn (cho quần áo)","🔵 KHUYẾN NGHỊ","⬜ Chưa Kiểm Tra","Đối với quần áo/giày dép, hướng dẫn kích thước giúp giảm đổi trả và tăng độ tin cậy.","",""
"102","Trang Sản Phẩm","Phần đánh giá của khách hàng tồn tại","🔵 KHUYẾN NGHỊ","⬜ Chưa Kiểm Tra","Đánh giá thực của khách hàng tăng đáng kể độ tin cậy và tỷ lệ chuyển đổi.","",""
"103","Giá Cả & Khuyến Mãi","Giá khuyến mãi có ngày bắt đầu/kết thúc rõ ràng hoặc là thực sự","🔴 BẮT BUỘC","⬜ Chưa Kiểm Tra","Nếu hiển thị giá 'cũ/mới', giá gốc phải là thực (đã từng tính). Khuyến mãi vĩnh viễn là giá giả.","",""
"104","Giá Cả & Khuyến Mãi","Không có giá gốc giả (giá 'cũ' bị thổi phồng)","🔴 BẮT BUỘC","⬜ Chưa Kiểm Tra","Nếu TẤT CẢ sản phẩm đều hiển thị cùng % giảm giá, đây là dấu hiệu cảnh báo về giá giả.","",""
"105","Giá Cả & Khuyến Mãi","Giá trên website khớp với giá trong product feed","🔴 BẮT BUỘC","⬜ Chưa Kiểm Tra","Giá hiển thị trên trang sản phẩm phải khớp chính xác với giá trong GMC product feed, bao gồm đơn vị tiền tệ.","",""
"106","Giá Cả & Khuyến Mãi","Không có khuyến mãi hết hạn vẫn hiển thị trên website","🔴 BẮT BUỘC","⬜ Chưa Kiểm Tra","Xóa tất cả banner sale hết hạn, ưu đãi Black Friday, khuyến mãi ngày lễ, v.v.","",""
"107","Giá Cả & Khuyến Mãi","Điều kiện miễn phí vận chuyển nhất quán trên tất cả các trang","🔴 BẮT BUỘC","⬜ Chưa Kiểm Tra","Nếu bạn cung cấp miễn phí vận chuyển trên X, điều này phải được nêu nhất quán trên trang sản phẩm, chính sách vận chuyển và footer.","",""
"108","Giá Cả & Khuyến Mãi","Không có phí ẩn khi thanh toán","🔴 BẮT BUỘC","⬜ Chưa Kiểm Tra","Giá cuối cùng khi thanh toán không được cao hơn đáng kể so với giá sản phẩm đã hiển thị.","",""
"109","Giá Cả & Khuyến Mãi","Đơn vị tiền tệ đúng cho quốc gia mục tiêu","🟡 CẢNH BÁO","⬜ Chưa Kiểm Tra","Nếu nhắm đến UK, dùng GBP (£). Nếu nhắm đến US, dùng USD ($). Phải khớp với cài đặt GMC.","",""
"110","Cài Đặt Google Merchant Center","Tên miền đã được xác nhận","🔴 BẮT BUỘC","⬜ Chưa Kiểm Tra","Tên miền website phải được xác nhận trong Merchant Center.","",""
"111","Cài Đặt Google Merchant Center","Thông tin doanh nghiệp trong GMC khớp chính xác với website","🔴 BẮT BUỘC","⬜ Chưa Kiểm Tra","Tên doanh nghiệp, địa chỉ, điện thoại, email trong GMC phải hoàn toàn giống với website.","",""
"112","Cài Đặt Google Merchant Center","Cài đặt vận chuyển trong GMC khớp với Chính sách Vận chuyển","🔴 BẮT BUỘC","⬜ Chưa Kiểm Tra","Phí vận chuyển và thời gian giao hàng trong GMC phải khớp với những gì nêu trên website.","",""
"113","Cài Đặt Google Merchant Center","Cài đặt chính sách đổi trả trong GMC khớp với trang Chính sách Đổi trả","🔴 BẮT BUỘC","⬜ Chưa Kiểm Tra","Thời hạn đổi trả và điều kiện trong GMC phải khớp với Chính sách Đổi trả trên website.","",""
"114","Cài Đặt Google Merchant Center","Tài khoản Google Ads được liên kết với phương thức thanh toán hợp lệ","🔴 BẮT BUỘC","⬜ Chưa Kiểm Tra","Tài khoản Google Ads phải được liên kết với GMC và có phương thức thanh toán hợp lệ.","",""
"115","Cài Đặt Google Merchant Center","Danh mục sản phẩm trong feed (google_product_category) chính xác","🔴 BẮT BUỘC","⬜ Chưa Kiểm Tra","Sản phẩm phải ở đúng danh mục phân loại của Google. Sai danh mục = Trình bày sai.","https://support.google.com/merchants/answer/6324436",""
"116","Cài Đặt Google Merchant Center","Giá trong product feed khớp với giá trên website","🔴 BẮT BUỘC","⬜ Chưa Kiểm Tra","Giá trong feed phải khớp chính xác với giá trên trang đích, bao gồm đơn vị tiền tệ.","",""
"117","Cài Đặt Google Merchant Center","Hình ảnh trong product feed chất lượng cao và khớp với website","🟡 CẢNH BÁO","⬜ Chưa Kiểm Tra","image_link trong feed phải trỏ đến cùng hình ảnh chất lượng cao hiển thị trên trang sản phẩm.","",""
"118","Cài Đặt Google Merchant Center","Không có sản phẩm bị từ chối trong feed (kiểm tra Diagnostics)","🟡 CẢNH BÁO","⬜ Chưa Kiểm Tra","Thường xuyên kiểm tra Diagnostics trong Merchant Center để tìm sản phẩm bị từ chối và sửa chúng.","",""
"119","Cài Đặt Google Merchant Center","Định danh sản phẩm (GTIN, MPN, thương hiệu) chính xác","🟡 CẢNH BÁO","⬜ Chưa Kiểm Tra","Nếu sản phẩm có GTIN/mã vạch, hãy bao gồm chúng. Đặt identifier_exists đúng.","",""
"120","Độ Tin Cậy & Bằng Chứng Xã Hội","Không có yếu tố tin cậy giả (đánh giá giả, logo báo chí giả, huy hiệu giả)","🔴 BẮT BUỘC","⬜ Chưa Kiểm Tra","Tất cả yếu tố tin cậy phải thực. Logo 'Được đăng trên CNN/Forbes' giả hoặc đánh giá bịa đặt = bị tạm ngưng ngay.","",""
"121","Độ Tin Cậy & Bằng Chứng Xã Hội","Trustpilot hoặc nền tảng đánh giá được liên kết (nếu có)","🔵 KHUYẾN NGHỊ","⬜ Chưa Kiểm Tra","Liên kết đến nền tảng đánh giá bên thứ ba thực để tăng độ tin cậy.","",""
"122","Độ Tin Cậy & Bằng Chứng Xã Hội","Hồ sơ mạng xã hội hoạt động và được liên kết","🔵 KHUYẾN NGHỊ","⬜ Chưa Kiểm Tra","Hồ sơ mạng xã hội hoạt động (Instagram, Facebook, v.v.) tăng tín hiệu tin cậy.","",""
"123","Độ Tin Cậy & Bằng Chứng Xã Hội","Không có tuyên bố hứa hẹn quá mức ở bất kỳ đâu trên website","🔴 BẮT BUỘC","⬜ Chưa Kiểm Tra","Tránh các tuyên bố như 'kết quả được đảm bảo', '#1 thế giới', hoặc các tính từ vô căn cứ.","",""
"124","Nội Dung & Ngôn Ngữ","Không có nội dung sao chép từ website khác mà không chỉnh sửa","🔴 BẮT BUỘC","⬜ Chưa Kiểm Tra","Tất cả nội dung phải là bản gốc. Nội dung copy-paste từ cửa hàng khác (đặc biệt với tên thương hiệu sai) = Trình bày sai.","",""
"125","Nội Dung & Ngôn Ngữ","Ngôn ngữ nhất quán trên tất cả các trang","🟡 CẢNH BÁO","⬜ Chưa Kiểm Tra","Tất cả các trang nên dùng cùng một ngôn ngữ. Ngôn ngữ hỗn hợp làm giảm độ tin cậy.","",""
"126","Nội Dung & Ngôn Ngữ","Không có lỗi chính tả hoặc ngữ pháp đáng kể","🟡 CẢNH BÁO","⬜ Chưa Kiểm Tra","Chất lượng ngôn ngữ kém làm giảm độ tin cậy và có thể cho thấy website chất lượng thấp hoặc lừa đảo.","",""
"127","Nội Dung & Ngôn Ngữ","Mô tả sản phẩm không gây hiểu nhầm hoặc phóng đại","🔴 BẮT BUỘC","⬜ Chưa Kiểm Tra","Không tuyên bố các tính năng mà sản phẩm không có. 'Được cấp phép chính thức' cần có bằng chứng.","",""
"128","Nội Dung & Ngôn Ngữ","Địa chỉ email được định dạng đúng (không có dấu chấm thừa)","🟡 CẢNH BÁO","⬜ Chưa Kiểm Tra","Đảm bảo địa chỉ email không có dấu chấm thừa (vd: support@store.com. là sai).","",""
"129","Nội Dung & Ngôn Ngữ","Trang liên hệ được liên kết trên tất cả các trang chính sách","🔵 KHUYẾN NGHỊ","⬜ Chưa Kiểm Tra","Mỗi trang chính sách nên có liên kết đến trang Liên hệ để giải đáp thắc mắc.","",""
"130","Thông Tin Cần Điền — Doanh Nghiệp","Tên pháp lý doanh nghiệp","📝 ĐIỀN VÀO","","Tên doanh nghiệp đã đăng ký (LLC, Ltd, Inc, v.v.)","",""
"131","Thông Tin Cần Điền — Doanh Nghiệp","Tên thương hiệu / Tên giao dịch","📝 ĐIỀN VÀO","","Tên thương hiệu hiển thị trên website của bạn","",""
"132","Thông Tin Cần Điền — Doanh Nghiệp","Email doanh nghiệp","📝 ĐIỀN VÀO","","Phải là email tên miền doanh nghiệp (vd: support@cửahàng.com)","",""
"133","Thông Tin Cần Điền — Doanh Nghiệp","Số điện thoại doanh nghiệp","📝 ĐIỀN VÀO","","Bao gồm mã quốc gia nếu là quốc tế","",""
"134","Thông Tin Cần Điền — Doanh Nghiệp","Địa chỉ doanh nghiệp","📝 ĐIỀN VÀO","","Định dạng: [Số nhà + Tên đường], [Thành phố], [Tỉnh/Bang], [Mã bưu chính], [Quốc gia]","",""
"135","Thông Tin Cần Điền — Doanh Nghiệp","Thời gian xử lý / chuẩn bị đơn hàng","📝 ĐIỀN VÀO","","Mất bao lâu để chuẩn bị đơn hàng (vd: 3-5 ngày làm việc)","",""
"136","Thông Tin Cần Điền — Doanh Nghiệp","Thời gian giao hàng nội địa","📝 ĐIỀN VÀO","","Thời gian giao hàng cho đơn nội địa (vd: 5-10 ngày làm việc)","",""
"137","Thông Tin Cần Điền — Doanh Nghiệp","Thời gian giao hàng quốc tế","📝 ĐIỀN VÀO","","Thời gian giao hàng cho đơn quốc tế (vd: 10-20 ngày làm việc)","",""
"138","Thông Tin Cần Điền — Doanh Nghiệp","Thời hạn đổi trả","📝 ĐIỀN VÀO","","Khách hàng có bao nhiêu ngày để yêu cầu đổi trả (vd: 30 ngày)","",""
"139","Thông Tin Cần Điền — Doanh Nghiệp","Thời gian xử lý hoàn tiền","📝 ĐIỀN VÀO","","Mất bao lâu để xử lý hoàn tiền sau khi nhận hàng trả về (vd: 5-10 ngày làm việc)","",""
"140","Thông Tin Cần Điền — Doanh Nghiệp","Các phương thức thanh toán được chấp nhận","📝 ĐIỀN VÀO","","Liệt kê tất cả: vd: Visa, Mastercard, Amex, PayPal, Apple Pay, Klarna","",""
"141","Thông Tin Cần Điền — Doanh Nghiệp","Giờ làm việc bộ phận hỗ trợ khách hàng","📝 ĐIỀN VÀO","","vd: Thứ Hai đến Thứ Sáu, 9:00 SA - 5:00 CH (GMT+7)","",""
"142","Thông Tin Cần Điền — Doanh Nghiệp","Ngưỡng miễn phí vận chuyển","📝 ĐIỀN VÀO","","vd: Miễn phí vận chuyển cho đơn hàng trên 99$ (hoặc 'Không có' nếu không có miễn phí)","",""